[{"model": "auth.user", "pk": 1, "fields": {"password": "pbkdf2_sha256$180000$tGCm47jWZCLw$pnrQTqARnEseK0fet8rOAc3tqzyTbIsgvk3aeG4zmrM=", "last_login": "2020-06-08T13:05:49.074Z", "is_superuser": true, "username": "admin", "first_name": "", "last_name": "", "email": "admin@admin.com", "is_staff": true, "is_active": true, "date_joined": "2020-05-18T18:23:47.286Z", "groups": [], "user_permissions": []}}, {"model": "auth.user", "pk": 2, "fields": {"password": "pbkdf2_sha256$180000$dgfFN2AKsG0g$bQWFhzFtWXAIN9h0k/VGAS48luQ8mE36wuC+IEun/Jc=", "last_login": null, "is_superuser": false, "username": "perovicmitar@gmail.com", "first_name": "", "last_name": "", "email": "perovicmitar@gmail.com", "is_staff": false, "is_active": true, "date_joined": "2020-05-18T18:31:31Z", "groups": [], "user_permissions": []}}, {"model": "auth.user", "pk": 3, "fields": {"password": "pbkdf2_sha256$180000$L59YBWKauz7n$jJ6UmwlEsraQvZesCXZZqKYd7YFRfaypAU8nI6FcYMs=", "last_login": null, "is_superuser": false, "username": "laketic.milena98@gmail.com", "first_name": "", "last_name": "", "email": "laketic.milena98@gmail.com", "is_staff": false, "is_active": true, "date_joined": "2020-05-18T18:34:15Z", "groups": [], "user_permissions": []}}, {"model": "auth.user", "pk": 4, "fields": {"password": "pbkdf2_sha256$180000$Iaf24Te4ZCNf$KcUuR33tAlb09ooaadWmc9iSrqbS8E2xEdIgfG+PnOo=", "last_login": null, "is_superuser": false, "username": "marko@marko.com", "first_name": "", "last_name": "", "email": "marko@marko.com", "is_staff": false, "is_active": true, "date_joined": "2020-05-18T18:35:47Z", "groups": [], "user_permissions": []}}, {"model": "auth.user", "pk": 5, "fields": {"password": "pbkdf2_sha256$180000$QaO5I11iGGNH$u0tmsc1cXuUv7aitIjJy7rTuYnw4hVCAMcR4URezCYo=", "last_login": null, "is_superuser": false, "username": "zvonko@gmail.com", "first_name": "", "last_name": "", "email": "zvonko@gmail.com", "is_staff": false, "is_active": true, "date_joined": "2020-05-19T09:51:02.604Z", "groups": [], "user_permissions": []}}, {"model": "auth.user", "pk": 6, "fields": {"password": "pbkdf2_sha256$180000$14VvMXTrfLP6$LS2wOsf9lqje7UXOijK3MmUO5Hm+aMiToB66POZGj+Y=", "last_login": null, "is_superuser": false, "username": "mile", "first_name": "", "last_name": "", "email": "", "is_staff": false, "is_active": true, "date_joined": "2020-05-19T14:15:23.426Z", "groups": [], "user_permissions": []}}, {"model": "clinics.clinic", "pk": 1, "fields": {"name": "John Hopkins", "address": "15208 West 119th Street", "city": "Olathe", "country": "United States", "description": "The first med clinic in USA!"}}, {"model": "clinics.clinic", "pk": 2, "fields": {"name": "Medlins", "address": "420 L Street", "city": "Anchorage, Alaska", "country": "United States", "description": "The most reliable clinic in Alaska! Try us out..."}}, {"model": "clinics.healthcard", "pk": 1, "fields": {"patient": "perovicmitar@gmail.com"}}, {"model": "clinics.diagnosisreport", "pk": 1, "fields": {"description": "Dihtonmoia placebula on the left eye.\r\nEye pressure is below the margin.\r\nEyesight: -0.65 L  -1.50 R", "type": "Eye Sight", "health_card": 1}}, {"model": "clinics.diagnosisreport", "pk": 2, "fields": {"description": "Osteoporys on the left knee. Should do the MR scan of the knee as soon as possible.", "type": "Knee Bone Checking", "health_card": 1}}, {"model": "clinics.operatingroom", "pk": 1, "fields": {"clinic": 1, "name": "Avangard", "number": 13}}, {"model": "clinics.operatingroom", "pk": 2, "fields": {"clinic": 2, "name": "The Great", "number": 1}}, {"model": "clinics.operatingroom", "pk": 3, "fields": {"clinic": 1, "name": "Stoic Hall", "number": 5}}, {"model": "clinics.appointmenttype", "pk": 1, "fields": {"typeName": "Heart EKG Scanning", "duration": 60, "clinic": 1}}, {"model": "clinics.appointmenttype", "pk": 2, "fields": {"typeName": "Lungs MR Scanning", "duration": 45, "clinic": 1}}, {"model": "clinics.appointmenttype", "pk": 3, "fields": {"typeName": "Heart EKG Scanning", "duration": 45, "clinic": 2}}, {"model": "clinics.appointmenttype", "pk": 4, "fields": {"typeName": "Eye Pressure", "duration": 30, "clinic": 2}}, {"model": "clinics.specialization", "pk": 1, "fields": {"typeOf": 1, "doctor": "marko@marko.com"}}, {"model": "clinics.specialization", "pk": 2, "fields": {"typeOf": 1, "doctor": "mile@com.com"}}, {"model": "clinics.specialization", "pk": 3, "fields": {"typeOf": 2, "doctor": "marko@marko.com"}}, {"model": "clinics.specialization", "pk": 4, "fields": {"typeOf": 4, "doctor": "mile@com.com"}}, {"model": "clinics.pricelist", "pk": 1, "fields": {"clinic": 1, "appointmentType": 1, "price": 220.0}}, {"model": "clinics.pricelist", "pk": 2, "fields": {"clinic": 1, "appointmentType": 2, "price": 160.0}}, {"model": "clinics.pricelist", "pk": 3, "fields": {"clinic": 2, "appointmentType": 3, "price": 225.0}}, {"model": "clinics.pricelist", "pk": 4, "fields": {"clinic": 2, "appointmentType": 4, "price": 55.0}}, {"model": "clinics.appointment", "pk": 1, "fields": {"clinic": 1, "date": "2020-05-19", "time": "08:00:00", "typeOf": 1, "discount": 0, "doctor": "marko@marko.com", "operatingRoom": null, "patient": "perovicmitar@gmail.com", "created": null}}, {"model": "clinics.appointment", "pk": 2, "fields": {"clinic": 1, "date": "2020-05-19", "time": "12:00:00", "typeOf": 1, "discount": 0, "doctor": "marko@marko.com", "operatingRoom": null, "patient": "perovicmitar@gmail.com", "created": null}}, {"model": "clinics.appointment", "pk": 3, "fields": {"clinic": 1, "date": "2020-05-19", "time": "11:15:00", "typeOf": 2, "discount": 0, "doctor": "marko@marko.com", "operatingRoom": null, "patient": "perovicmitar@gmail.com", "created": null}}, {"model": "clinics.appointment", "pk": 4, "fields": {"clinic": 1, "date": "2020-05-19", "time": "15:00:00", "typeOf": 1, "discount": 0, "doctor": "marko@marko.com", "operatingRoom": null, "patient": "perovicmitar@gmail.com", "created": null}}, {"model": "clinics.appointment", "pk": 5, "fields": {"clinic": 2, "date": "2020-05-19", "time": "11:00:00", "typeOf": 1, "discount": 0, "doctor": "mile@com.com", "operatingRoom": null, "patient": "perovicmitar@gmail.com", "created": null}}, {"model": "clinics.appointment", "pk": 6, "fields": {"clinic": 1, "date": "2020-05-22", "time": "11:00:00", "typeOf": 1, "discount": 0, "doctor": "marko@marko.com", "operatingRoom": null, "patient": "perovicmitar@gmail.com", "created": null}}, {"model": "clinics.appointment", "pk": 7, "fields": {"clinic": 1, "date": "2020-05-22", "time": "15:00:00", "typeOf": 1, "discount": 0, "doctor": "marko@marko.com", "operatingRoom": null, "patient": "perovicmitar@gmail.com", "created": null}}, {"model": "clinics.appointment", "pk": 8, "fields": {"clinic": 1, "date": "2020-06-09", "time": "10:15:00", "typeOf": 2, "discount": 0, "doctor": "marko@marko.com", "operatingRoom": null, "patient": "perovicmitar@gmail.com", "created": null}}, {"model": "clinics.appointment", "pk": 9, "fields": {"clinic": 1, "date": "2020-06-27", "time": "12:00:00", "typeOf": 1, "discount": 10, "doctor": "marko@marko.com", "operatingRoom": 1, "patient": null, "created": "2020-06-09"}}, {"model": "clinics.appointment", "pk": 10, "fields": {"clinic": 2, "date": "2020-06-25", "time": "11:00:00", "typeOf": 3, "discount": 0, "doctor": "mile@com.com", "operatingRoom": 2, "patient": null, "created": "2020-06-09"}}, {"model": "clinics.doctorrating", "pk": 1, "fields": {"doctor": "marko@marko.com", "patient": "perovicmitar@gmail.com", "rating": 4}}, {"model": "clinics.doctorrating", "pk": 2, "fields": {"doctor": "mile@com.com", "patient": "perovicmitar@gmail.com", "rating": 2}}, {"model": "clinics.clinicrating", "pk": 2, "fields": {"clinic": 2, "patient": "perovicmitar@gmail.com", "rating": 3}}, {"model": "clinics.clinicrating", "pk": 3, "fields": {"clinic": 1, "patient": "perovicmitar@gmail.com", "rating": 5}}, {"model": "clinics.holiday", "pk": 1, "fields": {"employee": 4, "startDate": "2020-07-16", "endDate": "2020-07-23", "approved": false, "resolved": false}}, {"model": "clinics.holiday", "pk": 2, "fields": {"employee": 6, "startDate": "2020-06-16", "endDate": "2020-06-30", "approved": true, "resolved": true}}, {"model": "clinics.operation", "pk": 1, "fields": {"clinic": 1, "date": "2020-06-08", "time": "13:15:00", "duration": 120, "operatingRoom": 3, "patient": "perovicmitar@gmail.com", "doctors": ["marko@marko.com", "mile@com.com"]}}, {"model": "users.patient", "pk": "perovicmitar@gmail.com", "fields": {"user": 2, "firstName": "Mitar", "lastName": "Perovic", "policyNumber": "2323", "password": "MRS12345", "address": "Iva Vizina", "city": "Podgorica", "country": "Montenegro", "phoneNumber": 68359074, "activation_link": "AS2321E#", "approved": true}}, {"model": "users.clinicadmin", "pk": "laketic.milena98@gmail.com", "fields": {"employedAt": 1, "user": 3, "firstName": "Milena", "lastName": "Laketic", "password": "MRS123456", "address": "Rumenacka 33", "city": "Ruma", "country": "Serbia", "phoneNumber": 2321321, "changedPass": true}}, {"model": "users.doctor", "pk": "marko@marko.com", "fields": {"employedAt": 1, "user": 4, "firstName": "Marko", "lastName": "Cvijanovic", "password": "MRS123545", "address": "Neznanka 2", "city": "Novi Sad", "country": "Serbia", "phoneNumber": 2321, "changedPass": false}}, {"model": "users.doctor", "pk": "mile@com.com", "fields": {"employedAt": 2, "user": 6, "firstName": "Milutin", "lastName": "Milanovic", "password": "MRS12345", "address": "Irwine 43", "city": "Kansas City", "country": "USA", "phoneNumber": 2312, "changedPass": false}}, {"model": "users.schedule", "pk": 1, "fields": {"employee": "marko@marko.com", "day": 0, "startTime": "08:00:00", "endTime": "16:00:00"}}, {"model": "users.schedule", "pk": 2, "fields": {"employee": "marko@marko.com", "day": 1, "startTime": "08:00:00", "endTime": "16:00:00"}}, {"model": "users.schedule", "pk": 3, "fields": {"employee": "marko@marko.com", "day": 2, "startTime": "08:00:00", "endTime": "16:00:00"}}, {"model": "users.schedule", "pk": 4, "fields": {"employee": "marko@marko.com", "day": 3, "startTime": "08:00:00", "endTime": "16:00:00"}}, {"model": "users.schedule", "pk": 5, "fields": {"employee": "marko@marko.com", "day": 4, "startTime": "08:00:00", "endTime": "16:00:00"}}, {"model": "users.schedule", "pk": 6, "fields": {"employee": "mile@com.com", "day": 0, "startTime": "08:00:00", "endTime": "16:00:00"}}, {"model": "users.schedule", "pk": 7, "fields": {"employee": "mile@com.com", "day": 1, "startTime": "08:00:00", "endTime": "16:00:00"}}, {"model": "users.schedule", "pk": 8, "fields": {"employee": "mile@com.com", "day": 2, "startTime": "08:00:00", "endTime": "14:00:00"}}, {"model": "users.schedule", "pk": 9, "fields": {"employee": "mile@com.com", "day": 3, "startTime": "09:00:00", "endTime": "18:00:00"}}, {"model": "users.schedule", "pk": 10, "fields": {"employee": "mile@com.com", "day": 4, "startTime": "08:00:00", "endTime": "16:00:00"}}]